Nombre; apellido; DNI; email personal; teléfono de contacto;CVU/CBU;Inquilino
PATRICIA A ;SANDOVAL;232359550;SANDOVAL_PATRICIA A @email.com;1120639588;3622546757575540000000;1
 Mariela;NANIN;232475210;NANIN_ Mariela@email.com;1120639590;8899158762922760000000;1
OSNAGHI ANDREA; LORENA;232738140; LORENA_OSNAGHI ANDREA@email.com;1120639674;6793018414117640000000;1
 ALEJANDRA;PAULETTE;232850890;PAULETTE_ ALEJANDRA@email.com;1120639615;4532573105843790000000;0
LUCIANA VANESA ;FERNANDEZ LOPEZ;233038280;FERNANDEZ LOPEZ_LUCIANA VANESA @email.com;1120639675;8466841099794280000000;1
JAIME DANIEL ;MORENO;233329760;MORENO_JAIME DANIEL @email.com;1120639625;8672747146995710000000;0
Santiago; Latrecchiana;233424100; Latrecchiana_Santiago@email.com;1120639606;2281135864391360000000;1
PAMELA GABRIELA; MINO;233429380; MINO_PAMELA GABRIELA@email.com;1120639649;3154817750445590000000;1
SILVIO IVAN; MENES;233481990; MENES_SILVIO IVAN@email.com;1120639594;9064821306055800000000;1
ALEJANDRA GABRIELA ;SALEMME;233553600;SALEMME_ALEJANDRA GABRIELA @email.com;1120639650;2047835249457480000000;1
 SAMANTA L;GARCIA;233816799;GARCIA_ SAMANTA L@email.com;1120639564;1529399085474410000000;0
FLAVIA MIRIAM; GIRA;242455860; GIRA_FLAVIA MIRIAM@email.com;1120639651;5738542183850040000000;0
PAMELA E CARABAJAL; GONZALEZ;243067770; GONZALEZ_PAMELA E CARABAJAL@email.com;1120639652;8913811465076470000000;0
GRACIELA JUDITH ;SANCHEZ;243690280;SANCHEZ_GRACIELA JUDITH @email.com;1120639653;5468347189492110000000;0
 SILVIA VIVIANA;CARNERO;271696263;CARNERO_ SILVIA VIVIANA@email.com;1120639561;8552897590627620000000;0
ZURITA GLORIA R; SANCHEZ;271902620; SANCHEZ_ZURITA GLORIA R@email.com;1120639654;2129873779400220000000;1
GLADYS BEATRIZ ;PIZARRO;272293780;PIZARRO_GLADYS BEATRIZ @email.com;1120639676;9918705234345920000000;1
CARLA ELIANA ;BRAVO;272497690;BRAVO_CARLA ELIANA @email.com;1120639677;2567099084090720000000;0
 EMILSE VIRGINIA;ACHEGA;272506040;ACHEGA_ EMILSE VIRGINIA@email.com;1120639580;3542404477456310000000;0
ARACELLI MARIA A ;MERCADO;272563840;MERCADO_ARACELLI MARIA A @email.com;1120639618;8401655961961310000000;1
MALENA VIVIANA; ARIAS;272586980; ARIAS_MALENA VIVIANA@email.com;1120639678;5120658000397530000000;1
ELIANA SOLEDAD ;DIAZ;272704890;DIAZ_ELIANA SOLEDAD @email.com;1120639655;3354991467350240000000;1
MARIA EVA ;FERREYRA;272739810;FERREYRA_MARIA EVA @email.com;1120639656;4985434974457620000000;0
María Lorena ;Ojeda;272802800;Ojeda_María Lorena @email.com;1120639657;5930181715250340000000;0
VIRGINIA SOLEDAD;RODRIGUEZ;272877720;RODRIGUEZ_VIRGINIA SOLEDAD@email.com;1120639572;5782501953513740000000;0
 MARIANA SABRINA;PEREZ;272947010;PEREZ_ MARIANA SABRINA@email.com;1120639581;4738588789752250000000;0
PATRICIA NATALIA; TRINIDAD;272968240; TRINIDAD_PATRICIA NATALIA@email.com;1120639658;5103976690518920000000;0
 MARIA ESTER;ACUÑA;272970390;ACUÑA_ MARIA ESTER@email.com;1120639612;9748929398242090000000;0
 JESICA PAOLA;FERREYRA;272978950;FERREYRA_ JESICA PAOLA@email.com;1120639567;3253840470755770000000;0
SILVINA FERNANDA; YEGROS;272979170; YEGROS_SILVINA FERNANDA@email.com;1120639659;5465692922711630000000;1
RUTH ELIZABETH ;TOLOZA;272987150;TOLOZA_RUTH ELIZABETH @email.com;1120639626;3569167187044620000000;1
SALINAS CARMEN; SOLEDAD;273049410; SOLEDAD_SALINAS CARMEN@email.com;1120639660;4462155701852230000000;1
SOLANGE B; GONZALEZ;273104920; GONZALEZ_SOLANGE B@email.com;1120639630;2645474487824410000000;1
 JULIANA VANESA;MAIDANA;273134447;MAIDANA_ JULIANA VANESA@email.com;1120639566;7168192492596300000000;1
JOSEFINA;SUAREZ;273177970;SUAREZJOSEF_INA@email.com;1120639571;8149043925352400000000;1
NATALIA VERONICA; LOPEZ;273183150; LOPEZ_NATALIA VERONICA@email.com;1120639679;8776118204857300000000;0
ROSALIA ANAHI; ALEGRE;273188300; ALEGRE_ROSALIA ANAHI@email.com;1120639631;8956755084607460000000;0
ANABELA E;SARDA;273317650;SARDA_ANABELA E@email.com;1120639570;1686688768285500000000;0
LEILA ;CHEQUIN;273355110;CHEQUIN_LEILA @email.com;1120639661;5986565278541760000000;0
 XOANA DENISA;LUNA;273372660;LUNA_ XOANA DENISA@email.com;1120639582;4739093289474880000000;1
SONIA GLADYS; TARCAYA;273390150; TARCAYA_SONIA GLADYS@email.com;1120639609;5513026903129130000000;0
 DAMARIS ELIANA;ZURRIAN;273410240;ZURRIAN_ DAMARIS ELIANA@email.com;1120639585;1112192065530490000000;1
NATALIA VANESA; CORIA;273429360; CORIA_NATALIA VANESA@email.com;1120639662;4207339942053770000000;0
PAMELA D; MACIEL;273436950; MACIEL_PAMELA D@email.com;1120639663;9301914663635570000000;1
MICAELA S; MORALES;273446350; MORALES_MICAELA S@email.com;1120639607;9798767349218530000000;0
Gisele; Armani;273448110; Armani_Gisele@email.com;1120639664;7138512868566790000000;1
MARIA FERNANDA; VILLEGAS;273492230; VILLEGAS_MARIA FERNANDA@email.com;1120639665;3967038078211300000000;1
 VANINA SOLEDAD;ACUÑA;273507820;ACUÑA_ VANINA SOLEDAD@email.com;1120639586;6062510864724680000000;1
deborah yanina; vieyra;273529610; vieyra_deborah yanina@email.com;1120639666;7340960534911110000000;1
MARA LUCILA ;PRUNESTI;273537830;PRUNESTI_MARA LUCILA @email.com;1120639667;4203623168121110000000;1
MARIANA G; GAUNA;273546630; GAUNA_MARIANA G@email.com;1120639668;7863471034839500000000;1
ESTEFANIA DEL; POZO;273553710; POZO_ESTEFANIA DEL@email.com;1120639669;3903575001225800000000;0
ARACELI A; SALINA;273660610; SALINA_ARACELI A@email.com;1120639680;4561779673192690000000;1
MARGARITA SOLEDAD; SANDOVAL;273680140; SANDOVAL_MARGARITA SOLEDAD@email.com;1120639599;4756975101210820000000;1
EVELYN CYNTHIA ;ALONSO;273755160;ALONSO_EVELYN CYNTHIA @email.com;1120639589;2698999302843630000000;1
 SABRINA J;RODRIGUEZ;273766700;RODRIGUEZ_ SABRINA J@email.com;1120639610;4921783310033160000000;1
 KAREN SOLEDAD;POTES;273830310;POTES_ KAREN SOLEDAD@email.com;1120639578;9959869731196110000000;0
 SOFIA ABRIL;BUSTOS RODRIGUEZ;273844530;BUSTOS RODRIGUEZ_ SOFIA ABRIL@email.com;1120639583;8445671467790750000000;0
MARIA B; ESQUIVEL;273885930; ESQUIVEL_MARIA B@email.com;1120639632;2476716673525860000000;0
GISELLE A; GALELLI;274067500; GALELLI_GISELLE A@email.com;1120639596;9391219716521860000000;1
DAIANA A; SANDOVAL;274169300; SANDOVAL_DAIANA A@email.com;1120639597;9485782608370420000000;1
 MELINA ROCIO;LUCERO;274837270;LUCERO_ MELINA ROCIO@email.com;1120639614;7463433831270050000000;1
JARA C P; DELGADO;279362300; DELGADO_JARA C P@email.com;1120639598;7952040138615920000000;0
DIANA VICTORIA ARCILA; MARTINEZ;279543990; MARTINEZ_DIANA VICTORIA ARCILA@email.com;1120639608;7900703138674360000000;0
FAUSTO ;MALDONADO;291830520;MALDONADO_FAUSTO @email.com;1120639635;5444310699074410000000;0
CUBILLA FERNANDO J ;MEDINA;291901700;MEDINA_CUBILLA FERNANDO J @email.com;1120639636;4006646858395060000000;0
CLAUDIO FABIAN;MACELLARI;292294360;MACELLARI_CLAUDIO FABIAN@email.com;1120639575;6758376167184140000000;0
GUSTAVO ALBERTO ;BANEGAS;292297650;BANEGAS_GUSTAVO ALBERTO @email.com;1120639620;5973855585697530000000;0
 FACUNDO N;ROSON;292466330;ROSON_ FACUNDO N@email.com;1120639611;4919495851948610000000;0
HECTOR DIEGO ;RODRIGUEZ;292539690;RODRIGUEZ_HECTOR DIEGO @email.com;1120639621;7657255516105140000000;0
GASTON MIGUEL; LOPEZ;292563830; LOPEZ_GASTON MIGUEL@email.com;1120639622;2314407897385040000000;0
DIEGO GABRIEL ;LAVIZZARI;292564720;LAVIZZARI_DIEGO GABRIEL @email.com;1120639637;2898753242884000000000;1
Héctor; Fernandez;292590900; Fernandez_Héctor@email.com;1120639634;4609186475649680000000;0
MARCELO MIGUEL ;GIANETTA;292600810;GIANETTA_MARCELO MIGUEL @email.com;1120639623;3266747550821390000000;1
 ALEJANDRO ESTEBAN;PEDERNERA;292619730;PEDERNERA_ ALEJANDRO ESTEBAN@email.com;1120639592;4279197314180250000000;1
 LUCAS SALVADOR;ACCORINTI;292632869;ACCORINTI_ LUCAS SALVADOR@email.com;1120639565;6522317459479750000000;1
GUSTAVO ARIEL; CHAVEZ;292703050; CHAVEZ_GUSTAVO ARIEL@email.com;1120639595;8306963095360180000000;1
CLAUDIO JOSE ;ORMENO;292761630;ORMENO_CLAUDIO JOSE @email.com;1120639670;2399512060225930000000;0
 LEANDRO ENRIQUE;IRIBARNE;292780420;IRIBARNE_ LEANDRO ENRIQUE@email.com;1120639569;2003509300646090000000;0
ALEJANDRO ALBERTO R;CIPRIANO;292795130;CIPRIANO_ALEJANDRO ALBERTO R@email.com;1120639593;7152486951219100000000;1
 PABLO DARIO;BIEN;292844597;BIEN_ PABLO DARIO@email.com;1120639568;8469153896754610000000;1
 JESUS PAUL;MARCOS;292879750;MARCOS_ JESUS PAUL@email.com;1120639574;4022832933031750000000;1
RICARDO ALBERTO; PAROL;292936830; PAROL_RICARDO ALBERTO@email.com;1120639638;8327358679900400000000;0
ELIAS E; PEDROZO;293001110; PEDROZO_ELIAS E@email.com;1120639601;9873052363609460000000;0
MARTIN EMILIANO; VASQUEZ;293052750; VASQUEZ_MARTIN EMILIANO@email.com;1120639619;1424460508640730000000;0
ALEJANDRO GUILLERMO ;ESCUDERO;293086160;ESCUDERO_ALEJANDRO GUILLERMO @email.com;1120639633;9090011910089050000000;0
LUCAS MARCELO; BIANCHI;293225500; BIANCHI_LUCAS MARCELO@email.com;1120639640;6097490679148810000000;0
 SERGIO JAVIER;FIGUEROA;293242468;FIGUEROA_ SERGIO JAVIER@email.com;1120639562;9736513593323050000000;0
MAURO MARTIN;GONZALEZ;293258600;GONZALEZ_MAURO MARTIN@email.com;1120639573;4141229099761540000000;0
 DARIO PEDRO;SILVA;293275960;SILVA_ DARIO PEDRO@email.com;1120639579;2337100263831370000000;0
MATIAS EMANUEL; BERARDI;293278160; BERARDI_MATIAS EMANUEL@email.com;1120639616;6049589250331260000000;0
PABLO FABIAN; PERRANDO;293291070; PERRANDO_PABLO FABIAN@email.com;1120639639;8203993523394500000000;0
JORGE DANIEL; ROJAS;293335880; ROJAS_JORGE DANIEL@email.com;1120639641;8671363847364540000000;0
HUGO ALBERTO; GIMENEZ;293340620; GIMENEZ_HUGO ALBERTO@email.com;1120639605;1599906229584790000000;0
PABLO MARTIN ;GONZALEZ;293362640;GONZALEZ_PABLO MARTIN @email.com;1120639627;9649641498478330000000;1
ELIAS N ;RAMALLO;293367480;RAMALLO_ELIAS N @email.com;1120639671;3747440670864670000000;1
GONZALO E ;FRIAS;293378190;FRIAS_GONZALO E @email.com;1120639672;5846237021143900000000;1
ADRIAN MATIAS ;VALLEJOS;293390680;VALLEJOS_ADRIAN MATIAS @email.com;1120639628;7997907978126240000000;1
PABLO LUIS; ROGGERO;293391400; ROGGERO_PABLO LUIS@email.com;1120639600;3392326707794260000000;1
 GASTON ARIEL;CRUZ;293414722;CRUZ_ GASTON ARIEL@email.com;1120639563;7953401268952790000000;1
 WALTER DAMIAN;INSFRAN;293422500;INSFRAN_ WALTER DAMIAN@email.com;1120639613;7899686173854950000000;1
NICOLAS DANIEL ;PALACIOS;293448100;PALACIOS_NICOLAS DANIEL @email.com;1120639673;4198878848270070000000;0
MAXIMILIANO DAVID ;PENKALUK;293448110;PENKALUK_MAXIMILIANO DAVID @email.com;1120639629;1831622936090280000000;1
 FERNANDO DIEGO RAUL;QUIROZ;293456690;QUIROZ_ FERNANDO DIEGO RAUL@email.com;1120639576;9098586370061070000000;1
 NAHUEL SANTIAGO;SCARSINI;293535780;SCARSINI_ NAHUEL SANTIAGO@email.com;1120639591;4649132091620120000000;0
ALBERTO EMANUEL ;FERNANDEZ CALDERON;293547960;FERNANDEZ CALDERON_ALBERTO EMANUEL @email.com;1120639617;7385183762532280000000;0
RODIS OSVALDO ;PEREZ;293568300;PEREZ_RODIS OSVALDO @email.com;1120639642;8555737009968730000000;0
MAURO GASTON ;GONZALEZ;293590020;GONZALEZ_MAURO GASTON @email.com;1120639643;4058688834338790000000;0
EDUARDO JAVIER ;GRISEK;293641390;GRISEK_EDUARDO JAVIER @email.com;1120639644;9531471274862790000000;0
NAHUEL FERNANDO ;VELIZ;293641390;VELIZ_NAHUEL FERNANDO @email.com;1120639645;2772929965369000000000;1
FACUNDO N; ALFONZO;293669870; ALFONZO_FACUNDO N@email.com;1120639624;9786775943413510000000;1
LEONARDO JAVIER ;MORANDI;293709790;MORANDI_LEONARDO JAVIER @email.com;1120639646;8571141132270220000000;1
FRANCO EZEQUIEL; FORMOSO;293723850; FORMOSO_FRANCO EZEQUIEL@email.com;1120639647;2548682223996000000000;1
 LEANDRO EZEQUIEL;NIETO;293740660;NIETO_ LEANDRO EZEQUIEL@email.com;1120639584;5117305773618830000000;1
 LEANDRO AGUSTIN EZEQUIEL;MARQUEZ;293842780;MARQUEZ_ LEANDRO AGUSTIN EZEQUIEL@email.com;1120639587;6871877630907340000000;1
ELIAS N AYALA; FERNANDEZ;293886380; FERNANDEZ_ELIAS N AYALA@email.com;1120639603;1135532276120800000000;1
 JUAN RAUL;FERRARI;294079530;FERRARI_ JUAN RAUL@email.com;1120639577;6927359023042170000000;1
DARIO N; MORENO;294112990; MORENO_DARIO N@email.com;1120639604;8944383491849780000000;1
TORRANO JOSE E; RODRIGUEZ;299375030; RODRIGUEZ_TORRANO JOSE E@email.com;1120639648;4625104199305210000000;0
JOSE M; CORDONERO;299545440; CORDONERO_JOSE M@email.com;1120639602;3139598518491610000000;0
